country	WNV_17_Yuma_AZ_08272018_2018.6534	32.734281	-114.694832
country	WNV_20_Yuma_AZ_08132018_2018.6151	32.729612	-114.63698
country	WNV_49808_9108_Ce_NV_07162018_2018.5384	36.10206	-115.02
country	WNV_52751_9764_Cq_NV_08162018_2018.6233	36.13526	-115.284
country	WNV_77366_11357_Cs_NV_05302019_2019.4096	35.97025	-114.822
country	WNV_78319_11627_Cq_NV_06052019_2019.426	36.16663	-115.086
country	WNV_78325_11622_Cq_NV_06052019_2019.426	36.16518	-115.107414
country	WNV_80719_12016_Cq_NV_060242019_2019.4781	36.23468	-115.19172
country	WNV_81857_12174_Cq_NV_07012019_2019.4973	36.09923	-115.26091
country	WNV_82669_12413_Cq_NV_070102019_2019.4973	36.24090188	-115.2525427
country	WNV_83189_12364_Cq_NV_07092019_2019.5192	36.17177398	-115.2098181
country	WNV_83204_12442_Cq_NV_07092019_2019.5192	36.19560748	-115.2641943
country	WNV_83216_12406_Cq_NV_070112019_2019.5247	36.0102	-115.0683
country	WNV_83237_12454_Ct_NV_070152019_2019.5356	36.62073	-114.48354
country	WNV_83240_12450_Ct_NV_070152019_2019.5356	36.54392	-114.44225
country	WNV_83253_12482_Cq_NV_070162019_2019.5384	36.039901	-115.099999
country	WNV_83688_12544_Cq_NV_070172019_2019.5411	36.22567632	-115.2414795
country	WNV_83689_12551_Cq_NV_070172019_2019.5411	36.17827363	-115.1866141
country	WNV_84352_12613_Cq_NV_070232019_2019.5575	36.102886	-115.025809
country	WNV_84777_12761_Cq_NV_070252019_2019.563	36.172872	-115.076721
country	WNV_84784_12766_Cq_NV_070252019_2019.563	36.195336	-115.195446
country	WNV_85426_12853_Ct_NV_070292019_2019.574	36.800432	-114.06639
country	WNV_85457_12823_Cq_NV_070292019_2019.574	36.0416	-115.0828
country	WNV_85850_12920_Cq_NV_08012019_2019.5822	36.17258	-115.18782
country	WNV_86652_12981_Cq_NV_08012019_2019.5822	36.0539	-115.1
country	WNV_86926_13029_Cq_NV_08062019_2019.5959	36.27165127	-115.2802865
country	WNV_86935_13064_Cq_NV_08082019_2019.6014	36.2017074	-115.3081997
country	WNV_86945_13052_Cq_NV_08082019_2019.6014	36.17069883	-115.2105621
country	WNV_87659_13217_Cq_NV_080132019_2019.6151	36.258415	-115.211198
country	WNV_88273_13287_Cq_NV_080192019_2019.6315	36.305438	-115.226874
country	WNV_CoconinoCrow1_CoconinoCounty_AZ_09202019_2019.7192	35.20962	-111.65049
country	WNV_CoconinoCrow2_CoconinoCounty_AZ_09162019_2019.7082	35.2155	-111.64228
country	WNV_Raven_McPhearsonPark_CoconinoCounty_AZ_09162020_2019.7082	35.21365	-111.66456
country	WNVSLE_82382_12345_Cq_NV_07082019_2019.5164	36.29291743	-115.2963411
country	WNVSLE_82695_12417_Ct_NV_070112019_2019.5247	36.21015	-115.17362
country	WNVSLE_82700_12419_Cs_NV_070112019_2019.5247	36.20371	-115.14085
country	WNVSLE_83681_12573_Cq_NV_070172019_2019.5411	36.14828	-115.310516
country	WNVSLE_84408_12666_Cq_NV_070232019_2019.5575	36.19331099	-115.2876467
country	WNVSLE_84788_12769_Cq_NV_070252019_2019.563	36.180372	-115.197529
country	WNVSLE_84800_12778_Cq_NV_070252019_2019.563	36.096781	-115.268159
country	AF196835_Pc_NY_1999.71	40.7656	-73.96
country	AF202541_Hs_NY_1999.66	42.7561	-75.82
country	AF260967_Ec_NY_1999.5	40.7656	-73.96
country	AF404753_Cb_MD_2000.5	39.425	-76.78
country	AF404754_Cp_NJ_2000.5	40.9453	-74.07
country	AF404755_Bu_NY_2000.5	43.4604	-76.24
country	AF404756_Cb_NY_2000.5	41.156	-73.99
country	AF533540_Hs_NY_2001.71	40.6667	-73.56
country	AY289214_Hs_TX_2002.62	30.0727	-94.11
country	AY646354_Hs_NY_2002.5	42.7561	-75.82
country	AY712945_Zm_TX_2003.5	29.7427	-95.31
country	AY712946_Cc_TX_2003.5	29.7427	-95.31
country	AY712947_Cc_TX_2003.5	29.7427	-95.31
country	AY712948_Cq_TX_2003.5	29.7427	-95.31
country	AY795965_Hs_MI_2002.5	43.7389	-84.63
country	DQ005530_Hs_UT_2003.5	39.497	-111.55
country	DQ080051_Ct_AZ_2003.5	31.7487	-110.02
country	DQ080052_Ct_AZ_2003.5	33.3813	-112.57
country	DQ080053_Ct_AZ_2003.5	35.6053	-109.46
country	DQ080054_Cq_CA_2003.5	34.4834	-118.08
country	DQ080055_Ct_CA_2003.5	32.9392	-114.9
country	DQ080056_Ct_CA_2003.5	32.9392	-114.9
country	DQ080057_Cb_CA_2003.5	34.1291	-118.05
country	DQ080058_Cb_CA_2003.5	34.1291	-118.05
country	DQ080059_Pn_CA_2003.5	38.5795	-121.49
country	DQ080060_Cc_BCNM_2004.5	30.2977	-114.94
country	DQ080061_Ccs_LA_2004.5	29.9366	-91.87
country	DQ080062_Cx_LA_2002.5	29.9366	-91.87
country	DQ080063_Cl_BCNM_2003.5	30.2977	-114.94
country	DQ080064_Fa_BCNM_2003.5	30.2977	-114.94
country	DQ080065_Qq_BCNM_2003.5	30.2977	-114.94
country	DQ080066_Px_BCNM_2003.5	30.2977	-114.94
country	DQ080067_Bvs_BCNM_2003.5	30.2977	-114.94
country	DQ080068_Ah_BCNM_2003.5	30.2977	-114.94
country	DQ080069_Ec_TAMM_2003.5	24.9314	-98.64
country	DQ080070_Qq_SONM_2003.5	29.3524	-111.68
country	DQ080071_Ec_FL_2002.5	28.6964	-82
country	DQ080072_Dc_FL_2001.5	26.6941	-80.04
country	DQ164186_Cb_NY_2002.5	40.7391	-73.79
country	DQ164187_Cb_NY_2002.5	42.1934	-75.88
country	DQ164188_Cb_NY_2003.5	41.1279	-73.79
country	DQ164189_Cb_NY_2003.5	42.5451	-73.94
country	DQ164190_Cb_NY_2003.5	40.953	-72.64
country	DQ164191_Cb_NY_2003.5	42.2326	-79.52
country	DQ164192_Cb_NY_2003.5	41.156	-73.99
country	DQ164193_Cb_NY_2002.5	44.8543	-73.66
country	DQ164194_Cb_NY_2001.5	40.953	-72.64
country	DQ164195_Cx_NY_2002.5	40.6667	-73.56
country	DQ164196_Hs_GA_2002.5	32.6808	-83.25
country	DQ164197_Hs_GA_2002.5	32.6808	-83.25
country	DQ164198_Hs_TX_2002.5	31.1697	-100.08
country	DQ164199_Hs_TX_2003.5	31.1697	-100.08
country	DQ164200_Hs_IN_2002.5	39.7709	-86.44
country	DQ164201_Hs_AZ_2004.5	34.1698	-111.93
country	DQ164202_Hs_OH_2002.5	40.1937	-82.67
country	DQ164203_Ph_CO_2003.5	38.9962	-105.55
country	DQ164204_Bj_CO_2003.5	38.9962	-105.55
country	DQ164205_Hs_TX_2002.5	31.1697	-100.08
country	DQ164206_Cc_TX_2004.5	29.7731	-95.31
country	DQ176637_Qq_TX_2002.5	34.4489	-100.69
country	DQ431693_Hs_TX_2003.6	35.0767	-102.05
country	DQ431694_Hs_TX_2003.62	34.6538	-102.75
country	DQ431695_Hs_IL_2003.5	42.0783	-87.82
country	DQ431696_Hs_WI_2003.7	43.0386	-87.91
country	DQ431697_Hs_FL_2003.56	27.9826	-82.34
country	DQ431698_Hs_FL_2003.65	27.9826	-82.34
country	DQ431699_Hs_FL_2003.73	27.9826	-82.34
country	DQ431700_Hs_CA_2004.5	37.7817	-122.46
country	DQ431701_Hs_CO_2004.53	39.0723	-108.54
country	DQ431702_Hs_CO_2004.57	39.0723	-108.54
country	DQ431703_Hs_CO_2004.57	39.0723	-108.54
country	DQ431704_Hs_CO_2004.57	39.0723	-108.54
country	DQ431705_Hs_SD_2004.52	44.0731	-103.21
country	DQ431706_Hs_NM_2004.57	35.1995	-106.64
country	DQ431707_Hs_NM_2004.58	35.1995	-106.64
country	DQ431708_Hs_CA_2004.54	32.7253	-117.17
country	DQ431709_Hs_CA_2004.54	34.0578	-117.67
country	DQ431710_Hs_CA_2004.58	33.9421	-117.95
country	DQ431711_Hs_AZ_2004.5	33.4052	-111.93
country	DQ431712_Hs_AZ_2004.57	33.4052	-111.93
country	DQ666448_Hs_AZ_2004.5	34.1698	-111.93
country	DQ666449_Hs_TX_2005.5	31.1697	-100.08
country	DQ666450_Hs_TX_2005.5	31.1697	-100.08
country	DQ666451_Hs_AZ_2005.5	34.1698	-111.93
country	DQ666452_Hs_SD_2005.5	44.216	-100.25
country	DQ983578_Cn_FL_2003.5	27.6393	-80.68
country	FJ151394_Cb_NY_1999.5	40.7661	-73.99
country	GQ507468_Hs_TX_2005.59	31.8156	-106.56
country	GQ507469_Hs_NM_2005.67	32.2825	-106.74
country	GQ507470_Hs_TX_2006.66	31.784	-106.5
country	GQ507471_Hs_TX_2007.48	31.8385	-106.53
country	GQ507472_Hs_CA_2003.53	33.8143	-117.83
country	GQ507473_Hs_CA_2004.56	34.2243	-118.44
country	GQ507474_Hs_CA_2004.66	34.1353	-117.15
country	GQ507475_Hs_CA_2004.49	34.036	-117.02
country	GQ507476_Hs_CA_2005.57	33.9508	-117.73
country	GQ507477_Hs_CA_2005.58	33.8491	-118.15
country	GQ507478_Hs_CA_2005.65	33.8404	-118.08
country	GQ507479_Hs_AZ_2005.69	32.312	-111.21
country	GQ507480_Hs_CA_2005.76	33.949	-118.2
country	GQ507481_Hs_NE_2006.64	41.2628	-96.12
country	GQ507482_Hs_AZ_2006.67	32.2436	-110.92
country	GQ507483_Hs_CA_2007.59	34.0976	-117.91
country	GQ507484_Hs_CA_2007.63	34.2368	-118.52
country	KF704147.1_Cq_AZ_2010.6	33.538652	-112.185987
country	KF704153.1_Cq_AZ_2010.58	33.352826	-111.789027
country	KF704158.1_Cq_AZ_2010.58	33.352826	-111.789027
country	KR348915.1_Ct_CA_2011.66	37.975	-121.58
country	KR348916.1_Ct_CA_2008.63	37.9986	-121.68
country	KR348917.1_Ct_CA_2008.37	38.0108	-121.8
country	KR348918.1_Cp_CA_2011.9	38.0092	-122.04
country	KR348919.1_Ct_CA_2009.58	38.0014	-121.62
country	KR348920.1_Ct_CA_2009.18	38.0108	-121.8
country	KR348921.1_Cp_CA_2009.18	38.011	-121.8
country	KR348922.1_Ct_CA_2009.63	37.8944	-121.59
country	KR348923.1_Ct_CA_2003.63	33.2819	-115.58
country	KR348924.1_Ct_CA_2003.63	33.1781	-115.61
country	KR348925.1_Ct_CA_2003.63	33.1781	-115.61
country	KR348926.1_Ct_CA_2008.93	33.5402	-116.01
country	KR348927.1_Ct_CA_2003.7	33.2819	-115.58
country	KR348928.1_Ct_CA_2007.77	33.54	-116.08
country	KR348929.1_Ct_CA_2008.77	33.5254	-115.99
country	KR348930.1_Ct_CA_2009.02	33.526	-116.08
country	KR348931.1_Ct_CA_2009.02	33.54	-116.08
country	KR348932.1_Ct_CA_2007.72	33.5389	-116.13
country	KR348933.1_Ct_CA_2008.19	33.5692	-116.08
country	KR348934.1_Ct_CA_2007.72	33.5252	-116.1
country	KR348935.1_Ct_CA_2005.41	33.5112	-115.93
country	KR348936.1_Cq_CA_2008.74	33.8055	-116.5
country	KR348937.1_Ct_CA_2010.6	33.54	-116.08
country	KR348938.1_Ct_CA_2011.13	33.5255	-115.96
country	KR348939.1_Ct_CA_2005.47	33.5691	-116.06
country	KR348940.1_Ct_CA_2010.6	33.5401	-116.06
country	KR348941.1_Ct_CA_2011.66	33.5322	-116.03
country	KR348942.1_Ct_CA_2011.66	33.5291	-116.04
country	KR348943.1_Ct_CA_2004.29	33.5112	-115.93
country	KR348944.1_Ct_CA_2010.7	33.4594	-116.09
country	KR348945.1_Ct_CA_2004.29	33.5112	-115.93
country	KR348946.1_Cq_CA_2008.56	34.1894	-118.47
country	KR348947.1_Cq_CA_2007.72	34.1856	-118.49
country	KR348948.1_Cq_CA_2004.63	33.6775	-116.3
country	KR348949.1_Cq_CA_2004.65	33.7025	-116.37
country	KR348950.1_Cq_CA_2008.39	33.9497	-118.1
country	KR348951.1_Cq_CA_2004.38	33.8989	-118.02
country	KR348952.1_Cq_CA_2007.8	34.19	-118.49
country	KR348953.1_Cq_CA_2008.74	34.1375	-118.28
country	KR348954.1_Cq_CA_2010.85	34.4	-118.48
country	KR348955.1_Cq_CA_2007.36	34.1572	-118.47
country	KR348956.1_Cq_CA_2010.94	34.1856	-118.49
country	KR348957.1_Cq_CA_2010.94	34.1931	-118.57
country	KR348958.1_Cq_CA_2011.11	34.1742	-118.5
country	KR348959.1_Cq_CA_2011.11	34.1728	-118.49
country	KR348960.1_Cq_CA_2011.11	34.1856	-118.49
country	KR348961.1_Cq_CA_2011.11	34.186	-118.49
country	KR348962.1_Cq_CA_2011.11	34.19	-118.49
country	KR348963.1_Cs_CA_2011.11	34.1856	-118.49
country	KR348964.1_Cq_CA_2011.82	34.1633	-118.63
country	KR348965.1_Cq_CA_2011.82	34.2392	-118.63
country	KR348966.1_Cq_CA_2011.82	34.4534	-118.62
country	KR348967.1_Cq_CA_2011.88	34.1167	-118.11
country	KR348968.1_Cq_CA_2008.56	34.005	-117.81
country	KR348969.1_Cs_CA_2011.48	33.9533	-118.15
country	KR348970.1_Cq_CA_2008.56	33.98	-117.86
country	KR348971.1_Cs_CA_2011.5	34.0313	-117.82
country	KR348972.1_Cq_CA_2011.43	33.8417	-118.06
country	KR348973.1_Cq_CA_2011.43	33.8686	-118.03
country	KR348974.1_Cs_CA_2004.19	34.03	-118.05
country	KR348975.1_Cq_CA_2004.19	33.8533	-118.1
country	KR348976.1_Ct_CA_2011.55	37.3494	-118.37
country	KR348977.1_Ct_CA_2011.62	37.3494	-118.37
country	KR348978.1_Cq_CA_2008.49	35.3486	-119.04
country	KR348979.1_Cq_CA_2004.53	35.4356	-119.13
country	KR348980.1_Ct_CA_2011.02	35.1364	-118.94
country	KR348981.1_Ct_CA_2011.02	35.1364	-119.1
country	KR348982.1_Ct_CA_2011.02	35.2758	-119.1
country	KR348983.1_Cq_CA_2011.02	35.5022	-119.25
country	KR348984.1_Cq_CA_2011.02	35.5936	-119.35
country	KR348985.1_Ct_CA_2007.62	35.2939	-118.94
country	KR348986.1_Ct_CA_2007.62	35.1664	-118.82
country	KR348987.1_Ct_CA_2008.78	35.2939	-118.94
country	KR348988.1_Cq_CA_2008.94	35.3597	-119.02
country	KR348989.1_Ct_CA_2007.86	35.2525	-119.24
country	KR348990.1_Cq_CA_2007.7	35.502	-119.25
country	KR348991.1_Cq_CA_2007.7	35.3783	-119.04
country	KR348992.1_Cq_CA_2006.73	35.3797	-119.11
country	KR348993.1_Ct_CA_2011.55	34.8333	-114.6
country	KR348994.1_Cp_CA_2005.65	38.4891	-121.39
country	KR348995.1_Ct_CA_2005.64	38.3428	-121.51
country	KR348996.1_Ct_CA_2004.61	38.4432	-121.5
country	KR348997.1_Cp_CA_2005.49	38.5835	-121.37
country	KR348998.1_Cp_CA_2008.49	38.5035	-121.5
country	KR348999.1_Cp_CA_2005.55	38.6708	-121.31
country	KR349000.1_Ct_CA_2008.57	38.2861	-121.59
country	KR349001.1_Cp_CA_2011.02	38.4491	-121.37
country	KR349002.1_Ct_CA_2011.02	38.4598	-121.36
country	KR349003.1_Ct_CA_2011.02	38.4672	-121.45
country	KR349004.1_Cp_CA_2011.02	38.4672	-121.45
country	KR349005.1_Cp_CA_2011.02	38.4601	-121.39
country	KR349006.1_Cp_CA_2011.02	38.4318	-121.44
country	KR349007.1_Ct_CA_2005.54	38.4603	-121.75
country	KR349008.1_Ct_CA_2005.54	38.5717	-121.73
country	KR349009.1_Ct_CA_2005.54	38.5197	-121.76
country	KR349010.1_Ct_CA_2005.57	38.3428	-121.51
country	KR349011.1_Cp_CA_2005.57	38.7139	-121.28
country	KR349012.1_Cp_CA_2005.57	38.7139	-121.28
country	KR349013.1_Ct_CA_2007.73	38.3849	-121.22
country	KR349014.1_Ct_CA_2008.65	38.6597	-121.73
country	KR349015.1_Ct_CA_2004.86	38.4432	-121.5
country	KR349016.1_Ct_CA_2004.62	38.6944	-122.05
country	KR349017.1_Cp_CA_2007.56	40.5034	-122.32
country	KR349018.1_Cp_CA_2007.57	40.4815	-122.35
country	KR349019.1_Cp_CA_2009.65	40.5019	-122.33
country	KR349020.1_Ct_CA_2011.11	40.4162	-122.24
country	KR349021.1_Ct_CA_2011.02	38.4318	-121.44
country	KR349022.1_Cq_CA_2011.11	34.1856	-118.49
country	KR349023.1_Ct_CA_2004.62	38.6428	-121.98
country	KR349024.1_Ct_CA_2003.63	33.2819	-115.58
country	KR349025.1_Ct_CA_2007.56	40.5033	-122.32
country	KR349026.1_Ct_CA_2011.7	39.1172	-121.76
country	KY216149.1_Cp_NY_2012.47	40.729821	-73.210393
country	KY216150.1_Cp_NY_2012.53	40.729821	-73.210393
country	KY216151.1_Cp_NY_2012.54	40.868154	-73.425676
country	KY216152.1_Cp_NY_2012.54	40.868154	-73.425676
country	KY216153.1_Cp_NY_2012.57	40.729821	-73.210393
country	KY216154.1_Cp_NY_2012.57	40.729821	-73.210393
country	KY216155.1_Cp_NY_2012.60	40.868154	-73.425676
country	KY229069.1_Cp_NY_2012.60	40.868154	-73.425676
country	KY229070.1_Cp_NY_2012.61	40.729821	-73.210393
country	KY229071.1_Cp_NY_2012.60	40.729821	-73.210393
country	KY229072.1_Cp_NY_2012.62	40.868154	-73.425676
country	KY229073.1_Cp_NY_2012.64	40.868154	-73.425676
country	KY229074.1_Cp_NY_2012.64	40.868154	-73.425676
country	WNV_1091790_Ct_MT_08.29.18_2018.660274	47.2709	-111.7009
country	WNV_1169648_Cp_UT_072517_2017.566051	40.723944	-111.822871
country	WNV_1169713_Cp_UT_073117_2017.582478	40.725185	-111.855189
country	WNV_1169744_Cp_UT_073117_2017.582478	40.740684	-111.928578
country	WNV_1169794_Cp_UT_080717_2017.601643	40.771126	-111.947827
country	WNV_1169823_Cp_UT_080717_2017.601643	40.769137	-111.964304
country	WNV_1169857_Ct_UT_081417_2017.620808	40.769137	-111.964304
country	WNV_1169922_Cp_UT_081617_2017.626283	40.743352	-111.988891
country	WNV_1169929_Cp_UT_082117_2017.639973	40.710903	-111.87179
country	WNV_1169936_Cp_UT_082117_2017.639973	40.714735	-111.887786
country	WNV_1169941_Ct_UT_082117_2017.639973	40.61739	-111.941626
country	WNV_1169952_Cp_UT_082117_2017.639973	40.720768	-111.887299
country	WNV_1191624_Ct_UT_071117_2017.527721	41.6147	-112.1266
country	WNV_1193718_Ct_UT_071917_2017.549624	40.610313	-111.923232
country	WNV_1193730_Cp_UT_071917_2017.549624	40.718835	-111.888269
country	WNV_1197941_Ct_UT_072517_2017.566051	40.288016	-109.85459
country	WNV_1197943_Cp_UT_072417_2017.563313	40.521893	-111.939102
country	WNV_1197963_Ct_UT_072417_2017.563313	40.68648	-111.915306
country	WNV_1197976_Cp_UT_072417_2017.563313	40.690224	-111.828244
country	WNV_1198106_Cp_UT_072617_2017.568789	40.611059	-111.899935
country	WNV_1198115_Cp_UT_072617_2017.568789	40.592937	-111.910872
country	WNV_1198226_Ct_UT_080117_2017.585216	40.288016	-109.85459
country	WNV_1198240_Ct_UT_073117_2017.582478	40.733789	-112.211088
country	WNV_1198288_Cp_UT_080117_2017.585216	41.7099	-111.9777
country	WNV_1201260_Ct_UT_080717_2017.601643	40.696377	-112.103593
country	WNV_1201358_Cp_UT_080917_2017.607118	40.847869	-111.940101
country	WNV_1201651_Ct_UT_081617_2017.626283	41.124555	-112.08218
country	WNV_1201775_Ct_UT_082317_2017.645448	40.999783	-111.945534
country	WNV_1201877_Ct_UT_083017_2017.664613	40.871906	-111.914759
country	WNV_1202008_Cp_UT_083017_2017.664613	40.665559	-111.834972
country	WNV_1204419_Ct_UT_080917_2017.607118	41.144172	-111.924735
country	WNV_1204421_Ct_UT_080217_2017.587953	39.358154	-112.570167
country	WNV_1204426_Cp_UT_080717_2017.601643	40.691613	-112.00105
country	WNV_1204534_Ct_UT_081517_2017.623546	41.14411	-111.923274
country	WNV_1204538_Cp_UT_081417_2017.620808	41.14411	-111.923274
country	WNV_1204631_Ct_UT_082117_2017.639973	40.740146	-112.066
country	WNV_1204869_Cp_UT_082317_2017.645448	41.089235	-112.120678
country	WNV_1207986_Cp_UT_081617_2017.626283	40.66456	-111.906977
country	WNV_1207997_Cp_UT_082917_2017.661875	40.740146	-112.066
country	WNV_1208135_Ct_UT_082817_2017.659138	40.769137	-111.964304
country	WNV_1208151_Cp_UT_083017_2017.664613	40.582295	-111.91737
country	WNV_1208328_Ct_UT_090617_2017.683778	41.036213	-112.004346
country	WNV_1208412_Ct_UT_091317_2017.702943	41.081742	-111.974093
country	WNV_1211542_Cp_UT_083017_2017.664613	40.727067	-111.885653
country	WNV_1211632_Cp_UT_091117_2017.697467	40.710903	-111.87179
country	WNV_1211751_Cp_UT_091317_2017.702943	41.089235	-112.120678
country	WNV_12SP1EzSCL002_Ct_UT_07.15.14_2014.536986	37.129167	-113.652867
country	WNV_12SP4AzSGE009_Ct_UT_07.16.14_2014.539726	37.068951	-113.519601
country	WNV_14SP1AzSCL002_Ct_UT_07.29.14_2014.575342	37.129167	-113.652867
country	WNV_14SP2AzSCL004_Ct_UT_07.29.14_2014.575342	37.14215	-113.45834
country	WNV_14SP2BzSCL001_Ct_UT_07.29.14_2014.575342	37.131987	-113.632817
country	WNV_15SP4CzSGE009EX_Ct_UT_08.20.15_2014.635616	37.068951	-113.519601
country	WNV_164572096_0_Cq_AZ_09.20.16_2016.721311	33.57429609	-111.8246468
country	WNV_16aD4_Ce_AZ_07.31.17_2017.580822	32.6542	-114.7311
country	WNV_16SP3_UT_09.12.17_2017.69863	37.1083	-113.51
country	WNV_16SP3C_WAS002_Ct_UT_09.13.17_2017.70137	37.1083	-113.51
country	WNV_17SP1AzSCL002_Ct_UT_08.19.14_2014.632877	37.129167	-113.652867
country	WNV_17SP2_UT_09.18.17_2017.715068	37.1083	-113.51
country	WNV_17SP2AWAS002_Ct_UT_09.19.17_2017.717808	37.1083	-113.51
country	WNV_17SP3_UT_09.18.17_2017.715068	37.0658	-113.528
country	WNV_17SP3AzWAS001_Ct_UT_09.01.15_2015.668493	37.113627	-113.506671
country	WNV_17SP3DSGE009_Ct_UT_09.19.17_2017.717808	37.068951	-113.519601
country	WNV_17SP3FSGE0092_Ct_UT_09.19.17_2017.717808	37.0658	-113.528
country	WNV_17SP4_UT_09.18.17_2017.715068	37.113627	-113.506671
country	WNV_17SP4D_WAS001_Ct_UT_09.18.17_2017.715068	37.113627	-113.506671
country	WNV_18SP2_UT_09.22.17_2017.726027	37.068951	-113.519601
country	WNV_18SP2C_SGE009_Ct_UT_09.25.17_2017.734247	37.068951	-113.519601
country	WNV_19SP1azSCL001_Ct_UT_09.02.14_2014.671233	37.134588	-113.639963
country	WNV_19SP4_UT_09.29.17_2017.745205	37.0658	-113.528
country	WNV_19SP4E_HUR010_Ct_UT_10.02.17_2017.753425	37.120454	-113.394196
country	WNV_1aA5_Ct_AZ_08.14.17_2017.619178	32.72699	-114.60263
country	WNV_1cC10_Ct_AZ_08.28.17_2017.657534	32.72699	-114.60263
country	WNV_2_1107024_Ct_MT_08.16.18_2018.624658	46.5891	-112.0391
country	WNV_21110zWAS002_Ct_UT_08.06.13_2013.59726	37.113627	-113.506671
country	WNV_2112zSCL002_Ct_UT_08.05.13_2013.594521	37.129167	-113.652867
country	WNV_2114zSGE003G_Ct_UT_08.05.13_2013.594521	37.08901	-113.53531
country	WNV_2117zSGE009_Ct_UT_08.06.13_2013.59726	37.068951	-113.519601
country	WNV_2119zSGE012_Ct_UT_08.06.13_2013.59726	37.061778	-113.55127
country	WNV_21SP1CzSCL001_Ct_UT_08.05.13_2013.594521	37.134588	-113.639963
country	WNV_21SP1DzSCL004_Ct_UT_08.05.13_2013.594521	37.131987	-113.632817
country	WNV_21SP2BzSGE007RG_Ct_UT_08.05.13_2013.594521	37.128015	-113.616887
country	WNV_21SP2EzSGE011_Ct_UT_08.05.13_2013.594521	37.107317	-113.62592
country	WNV_21SP3DzSGE011_Ct_UT_09.16.14_2014.709589	37.107317	-113.62592
country	WNV_22113zSGE009_Ct_UT_08.13.13_2013.616438	37.068951	-113.519601
country	WNV_22115zSGE012_Ct_UT_08.13.13_2013.616438	37.061778	-113.55127
country	WNV_2212zSCL001_Ct_UT_08.12.13_2013.613699	37.134588	-113.639963
country	WNV_2219zSGE011_Ce_UT_08.12.13_2013.613699	37.107317	-113.62592
country	WNV_2297_Ct_CA_06.06.17_2017.430137	33.539988	-116.078863
country	WNV_22SP1BzIVI003_Ct_UT_08.16.13_2013.624658	37.15071	-113.68562
country	WNV_22SP1EzWAS008_Ct_UT_08.14.13_2013.619178	37.14215	-113.45834
country	WNV_23116zWAS008_Ct_UT_08.21.13_2013.638356	37.14215	-113.45834
country	WNV_2314zSCL002_Ct_UT_08.19.13_2013.632877	37.129167	-113.652867
country	WNV_23SP5AzWAS002_Ct_UT_08.20.13_2013.635616	37.113627	-113.506671
country	WNV_2410zSGE009_Ct_UT_08.27.13_2013.654795	37.068951	-113.519601
country	WNV_2412zWAS002_Ct_UT_08.27.13_2013.654795	37.113627	-113.506671
country	WNV_243zSCL004_Ct_UT_08.26.13_2013.652055	37.131987	-113.632817
country	WNV_249zSGE012_Ct_UT_08.27.13_2013.654795	37.061778	-113.55127
country	WNV_24SP2AzSCL001_Ct_UT_08.26.13_2013.652055	37.134588	-113.639963
country	WNV_2616_Ct_CA_06.20.17_2017.468493	33.580572	-116.077744
country	WNV_26SP3AzIVI002_Ct_UT_10.21.14_2014.805479	37.151558	-113.665033
country	WNV_2786_Ct_CA_07.07.17_2017.515068	33.481054	-116.095336
country	WNV_2919_Ct_CA_07.18.17_2017.545205	33.580572	-116.077744
country	WNV_29SP3EzSGE008_Ct_UT_10.01.13_2013.750685	37.0789	-113.569
country	WNV_29SP4AzSGE009_Ct_UT_10.01.13_2013.750685	37.068951	-113.519601
country	WNV_2bF5_Ct_AZ_08.14.17_2017.619178	32.72699	-114.60263
country	WNV_2cH8_Ct_AZ_08.28.17_2017.657534	32.72699	-114.60263
country	WNV_3_1069023_Ct_MT_08.30.16_2016.663934	47.5053	-111.3008
country	WNV_3_1107139_Ct_MT_08.31.18_2018.665753	47.2709	-111.7009
country	WNV_3168_Ct_CA_08.08.17_2017.60274	33.532695	-116.043672
country	WNV_3285_1107027_Ct_MT_08.21.18_2018.638356	48.6065	-108.9462
country	WNV_3288_1107030_Ct_MT_08.12.18_2018.613699	45.8924	-111.5522
country	WNV_3315_Ct_CA_08.22.17_2017.641096	33.526966	-116.030798
country	WNV_3409_Ct_CA_08.29.17_2017.660274	33.540052	-116.061755
country	WNV_3507_Ct_CA_09.06.17_2017.682192	33.532468	-116.060957
country	WNV_3510_Ct_CA_09.06.17_2017.682192	33.532468	-116.060957
country	WNV_3aG5_Ct_AZ_08.14.17_2017.619178	32.72863	-114.60159
country	WNV_6cF10_Ct_AZ_08.28.17_2017.657534	32.71891	-114.60961
country	WNV_7cB7_Ct_AZ_08.14.17_2017.619178	32.72041	-114.59943
country	WNV_7cD10_Ct_AZ_08.28.17_2017.657534	32.72041	-114.59943
country	WNV_808T_P1_Cp_WA_08.02.18_2018.586301	47.62719	-117.38417
country	WNV_814G_P10_Ct_WA_08.14.18_2018.619178	47.25083	-122.41169
country	WNV_814G_P8_Cp_WA_08.14.18_2018.619178	47.25083	-122.41169
country	WNV_815T_P1_Cp_WA_08.15.18_2018.621918	47.62719	-117.38417
country	WNV_AmpSeqMERGED_Ct_AZ_06.09.15_2015.438356	33.4302667	-112.246793
country	WNV_AmpSeqMERGED_Cq_AZ_06.26.14_2014.484932	33.40726108	-112.2454352
country	WNV_AmpSeqMERGED_Ct_AZ_10.20.16_2016.803279	33.42305326	-112.3187291
country	WNV_AmpSeqMERGED_Ct_AZ_05.11.16_2016.360656	33.57274571	-112.1436103
country	WNV_AmpSeqMERGED_Cq_AZ_08.05.15_2015.594521	33.42717011	-111.8300445
country	WNV_AmpSeqMERGED_Cq_AZ_06.03.14_2014.421918	33.28877131	-111.829812
country	WNV_AmpSeqMERGED_Cq_AZ_06.28.16_2016.491803	33.22495195	-111.6085184
country	WNV_AmpSeqMERGED_Ct_AZ_07.22.14_2014.556164	33.43627205	-111.8863556
country	WNV_AmpSeqMERGED_Cq_AZ_08.25.16_2016.650273	33.41665634	-111.8323548
country	WNV_AmpSeqMERGED_Cq_AZ_08.28.14_2014.657534	33.46893257	-112.2969095
country	WNV_AmpSeqMERGED_Cq_AZ_10.07.15_2015.767123	33.47467024	-111.9713808
country	WNV_AmpSeqMERGED_Cq_AZ_06.10.14_2014.441096	33.56043534	-111.9179368
country	WNV_AmpSeqMERGED_Cq_AZ_05.12.15_2015.361644	33.38735381	-111.7927578
country	WNV_CC1416051_64_Cq_AZ_07.29.14_2014.575342	33.32709741	-111.7658254
country	WNV_CC1417436_17_Cq_AZ_08.14.14_2014.619178	33.66357395	-112.2363819
country	WNV_CC1617128_0_Cq_AZ_09.22.16_2016.726776	33.36680572	-111.8060993
country	WNV_CC1909932_R794_A8_Cq_AZ_05.21.19_2019.389445	33.6293434	-112.400983
country	WNV_CheshireDam_Tube_Ct_08272019_2019.655031	35.235389	-111.669222
country	WNV_LakeMaryPond_Tube_Ct_08202019_2019.635866	35.112889	-111.585694
country	WNV_RT_1689055D4_Ct_AZ_06.15.18_2018.454795	33.32769566	-111.698154
country	WNV_90_Cq_AZ_07.18.14_2014.545205	33.25915145	-111.615131
country	WNV_35_Cq_AZ_06.03.14_2014.421918	33.439142	-111.89197
country	WNV_Q543_D6_Ct_AZ_04.18.19_2019.299094	33.439142	-111.89197
country	WNV_56_Ct_AZ_09292015_2015.74538	33.323761	-111.77689
country	WNV_63_Cq_AZ_09292015_2015.74538	33.323761	-111.77689
country	WNV_MERGED_Cq_AZ_06.22.17_2017.473974	33.32749465	-111.7801088
country	WNV_Z567_A1_Cq_AZ_05.09.19_2019.35659	33.439142	-111.89197
country	WNV_73_Cq_AZ_07.23.14_2014.558904	33.39562653	-112.2679829
country	WNV_5B21_A7_Cq_AZ_06.04.19_2019.427776	33.645237	-112.361707
country	WNV_10_Cq_AZ_07.09.14_2014.520548	33.4302667	-112.246793
country	WNV_3B92_H10_Cq_AZ_06.04.19_2019.427776	33.46832499	-112.333682
country	WNV_V008_B9_Cq_AZ_03.27.19_2019.23886	33.46832499	-112.333682
country	WNV_9A07_C2_Cq_AZ_05.17.19_2019.378494	33.48420404	-112.2511718
country	WNV_F10_Ct_AZ_09.07.17_2017.684932	33.54669209	-112.1585906
country	WNV_11_Cq_AZ_09292015_2015.74538	33.3286	-111.937
country	WNV_488D11_Ct_AZ_07.26.18_2018.567123	33.32769566	-111.698154
country	WNV_149G4_Ct_AZ_06.22.18_2018.473973	33.32769566	-111.698154
country	WNV_050B3_Ct_AZ_06.15.18_2018.454795	33.32769566	-111.698154
country	WNV_48_Cq_AZ_06102015_2015.441478	33.324839	-111.95453
country	WNV_74_Cq_AZ_07.23.14_2014.558904	33.32483919	-111.9545278
country	WNV_MERGED_Cq_AZ_06.08.17_2017.435616	33.3274093	-111.9512354
country	WNV_4_Cq_AZ_11.21.14_2014.890411	33.47206567	-111.9072141
country	WNV_78_Cq_AZ_10142015_2015.786448	33.409419	-111.93306
country	WNV_7B06_B12_Cq_AZ_06.04.19_2019.427776	33.3417743	-111.9396806
country	WNV_13_Cq_AZ_10.07.16_2016.76776	33.23797	-111.67633
country	WNV_66H6_Cq_AZ_07.10.18_2018.523288	33.51695186	-111.9172895
country	WNV_10_Cq_AZ_07232015_2015.559206	33.691854	-111.98716
country	WNV_11_Cq_AZ_07182015_2015.545517	33.691854	-111.98716
country	WNV_27_Cq_AZ_07282015_2015.572895	33.691854	-111.98716
country	WNV_MERGED_Cq_AZ_06.02.17_2017.419178	33.36880253	-111.7811859
country	WNV_MERGED_Cq_AZ_06.01.17_2017.416437	33.3405428	-111.8833194
country	WNV_30_Cq_AZ_07.02.14_2014.50137	33.35663468	-111.7473805
country	WNV_79_Ct_AZ_07.23.14_2014.558904	33.35663468	-111.7473805
country	WNV_MERGED_Cq_AZ_06.20.17_2017.468493	33.35844086	-111.7445852
country	WNV_88_Cq_AZ_07.18.14_2014.558904	33.35663468	-111.7473805
country	WNV_0_Ct_AZ_09.09.16_2016.691257	33.35351622	-111.8010158
country	WNV_Q244_G4_Cq_AZ_04.11.19_2019.279929	33.44000397	-111.8874431
country	WNV_Q267_F9_Cq_AZ_04.11.19_2019.279929	33.44000397	-111.8874431
country	WNV_MERGED_Ct_AZ_05.26.17_2017.4	33.44000397	-111.8874431
country	WNV_MERGED_Ct_AZ_05.26.17_2017.4(2)	33.44000397	-111.8874431
country	WNV_26_Cq_AZ_08.20.14_2018.39726	33.44079675	-111.8730362
country	WNV_33_Ct_AZ_07282015_2015.572895	33.440797	-111.87304
country	WNV_Q225_F1_Cq_AZ_04.11.19_2019.279929	33.44079675	-111.8730362
country	WNV_X549_F11_Ct_AZ_05.03.19_2019.340163	33.44079675	-111.8730362
country	WNV_MERGED_Ct_AZ_06.20.17_2017.468493	33.44079675	-111.8730362
country	WNV_Q441_F6_Ct_AZ_04.23.19_2019.312784	33.44002361	-111.8861459
country	WNV_3B93_B9_Ct_AZ_06.04.19_2019.427776	33.43954298	-111.8869971
country	WNV_61_Cq_AZ_05122015_2015.362081	33.438423	-111.87027
country	WNV_Q226_C10_Cq_AZ_04.11.19_2019.279929	33.43954298	-111.8869971
country	WNV_Q255_B3_Cq_AZ_04.11.19_2019.279929	33.43954298	-111.8869971
country	WNV_Q268_G9_Cq_AZ_04.11.19_2019.279929	33.43954298	-111.8869971
country	WNV_MERGED_Ct_AZ_06.16.17_2017.457534	33.438423	-111.870272
country	WNV_50_Cq_AZ_06092015_2015.438741	33.443282	-111.78306
country	WNV_MERGED_Cq_AZ_06.15.17_2017.454795	33.35351622	-111.8010158
country	WNV_E9_Ct_AZ_09.19.17_2017.717808	33.39977	-112.274
country	WNV_Z043_D4_Ct_AZ_05.17.19_2019.378494	33.38449769	-112.2129293
country	WNV_Z132_H4_Ct_AZ_05.17.19_2019.378494	33.38449769	-112.2129293
country	WNV_X696_F1_Ct_AZ_05.14.19_2019.37028	33.40109154	-112.211958
country	WNV_0_Cq_AZ_07.23.14_2014.558904	33.41722999	-112.298665
country	WNV_63_Cq_AZ_05122015_2015.362081	33.41723	-112.29867
country	WNV_2A29_G10_Cq_AZ_05.09.19_2019.35659	33.39574572	-112.314687
country	WNV_817F8_Cq_AZ_06.27.18_2018.487671	33.39574572	-112.314687
country	WNV_MERGED_Ct_AZ_06.01.17_2017.416438	33.39574572	-112.314687
country	WNV_3_Ct_AZ_07.16.14_2014.539726	33.41401205	-112.2641495
country	WNV_9_Cq_AZ_06.18.14_2014.463014	33.41401205	-112.2641495
country	WNV_0_Ct_AZ_10.11.16_2016.778689	33.39449544	-112.2547631
country	WNV_7_Ct_AZ_06.18.14_2014.463014	33.40726108	-112.2454352
country	WNV_75_Cq_AZ_07.23.14_2014.558904	33.40726108	-112.2454352
country	WNV_13_Cq_AZ_07.09.14_2014.520548	33.41337079	-112.2308711
country	WNV_43_Ct_AZ_06112015_2015.444216	33.388134	-112.29754
country	WNV_6A43_A6_Ct_AZ_05.16.19_2019.375756	33.3919208	-112.3426552
country	WNV_D10_Ct_AZ_09.27.17_2017.739726	33.42305	-112.319
country	WNV_12_Cq_AZ_10.02.14_2014.753425	33.34331813	-111.7643922
country	WNV_57_Cq_AZ_08.28.14_2014.657534	33.35420955	-111.5919908
country	WNV_AMERGED_Cq_AZ_06.02.17_2017.419178	33.38923572	-111.8495013
country	WNV_BMERGED_Cq_AZ_06.02.17_2017.419178	33.38923572	-111.8495013
country	WNV_CMERGED_Cq_AZ_06.09.17_2017.438356	33.38923572	-111.8495013
country	WNV_65_Cq_AZ_05072015_2015.348392	33.575778	-112.16033
country	WNV_MERGED_Cq_AZ_06.22.17_2017.473973	33.36059123	-112.1602898
country	WNV_56_Cq_AZ_05282015_2015.405886	33.431505	-112.05189
country	WNV_MERGED_Ct_AZ_06.15.17_2017.454795	33.57222237	-112.4356463
country	WNV_87_Ct_AZ_07.25.14_2014.564384	33.5586779	-112.4401635
country	WNV_92_Ct_AZ_07.18.14_2014.545205	33.5586779	-112.4401635
country	WNV_254B4_Ct_AZ_07.26.18_2018.567123	33.57274571	-112.1436103
country	WNV_MERGED_Cq_AZ_06.01.17_2017.416438	33.57274571	-112.1436103
country	WNV_F8_Ct_AZ_10.06.17_2017.764384	33.30865	-112.029
country	WNV_4A73_B8_Cq_AZ_06.04.19_2019.427776	33.36934193	-111.5973925
country	WNV_5B12_G3_Cq_AZ_06.04.19_2019.427776	33.61813941	-112.2112997
country	WNV_Z510_A6_Ct_AZ_05.17.19_2019.378494	33.25351086	-111.7814263
country	WNV_19_Cq_AZ_06.25.14_2014.482192	33.63317003	-112.0403175
country	WNV_MERGED_Cq_AZ_06.21.17_2017.471233	33.61860203	-111.951229
country	WNV_22_Cq_AZ_07.22.14_2014.556164	33.64804745	-111.9797828
country	WNV_MERGED_Cq_AZ_05.31.17_2017.413698	33.64467484	-111.9859513
country	WNV_MERGED_Cq_AZ_06.21.17_2017.471234	33.61261702	-112.1893985
country	WNV_85_Ct_AZ_10.08.14_2014.769863	33.61708868	-112.125011
country	WNV_2_Cq_AZ_06102015_2015.441478	33.42717	-111.83004
country	WNV_Q809_H3_Cq_AZ_06.04.19_2019.427776	33.42717011	-111.8300445
country	WNV_45_Ct_AZ_10142015_2015.786448	33.440768	-111.83162
country	WNV_Z164_F8_Ct_AZ_05.17.19_2019.378494	33.43112101	-111.8507972
country	WNV_cq_AZ_10.13.16_2016.784153	33.40175571	-111.851942
country	WNV_X775_A8_Ct_AZ_05.15.19_2019.373018	33.38417486	-111.8323105
country	WNV_MERGED_Cq_AZ_05.26.17_2017.4	33.38836493	-111.8267627
country	WNV_45_Cq_AZ_06112015_2015.444216	33.358316	-111.64148
country	WNV_7894_C2_Cq_AZ_05.21.19_2019.389445	33.35831593	-111.6414796
country	WNV_52_Cq_AZ_07162015_2015.540041	33.358627	-111.66668
country	WNV_58_Cq_AZ_05212015_2015.386721	33.358627	-111.66668
country	WNV_60_Cq_AZ_05142015_2015.367556	33.358627	-111.66668
country	WNV_D10_Cq_AZ_09.13.17_2017.70137	33.35863	-111.667
country	WNV_MERGED_Cq_AZ_06.01.17_2017.416439	33.35682025	-111.6606016
country	WNV_54_Cq_AZ_08.28.14_2014.657534	33.32814809	-111.8331526
country	WNV_X947_C10_Cq_AZ_05.17.19_2019.378494	33.32718077	-111.8330799
country	WNV_19_Cq_AZ_08062015_2015.597536	33.252943	-111.81983
country	WNV_B10_Ct_AZ_09.15.17_2017.706849	33.30267	-111.716
country	WNV_41_Cq_AZ_07142015_2015.534565	33.284804	-111.71053
country	WNV_446F8_Cq_AZ_07.27.18_2018.569863	33.28309833	-111.7265248
country	WNV_24_Cq_AZ_08.20.14_2014.635616	33.27182471	-111.7106086
country	WNV_177C1_Cq_07.05.18_2018.509589	33.26614003	-111.7664052
country	WNV_41_Cq_AZ_09302015_2015.748118	33.21088746	-111.7438148
country	WNV_0_Cq_AZ_09.07.16_2016.685792	33.27044564	-111.6944436
country	WNV_16_Cq_AZ_06.04.14_2014.424658	33.56558264	-112.1149738
country	WNV_89_Cq_AZ_09.24.14_2014.731507	33.57497489	-112.0229523
country	WNV_34_Ct_AZ_06.03.14_2014.421918	33.43914902	-111.9069108
country	WNV_17_Cq_AZ_06.24.14_2014.479452	32.98668558	-113.3054093
country	WNV_7B24_B10_Cq_AZ_06.04.19_2019.427776	33.31491923	-111.9534389
country	WNV_Z023_E3_Cq_AZ_05.17.19_2019.378494	33.6154488	-112.384021
country	WNV_9A71_B10_Cq_AZ_05.17.19_2019.378494	33.37272963	-111.887534
country	WNV_0_Cq_AZ_07.29.14_2014.575342	33.35662402	-111.8153704
country	WNV_335A12_Ct_AZ_07.25.18_2018.564384	33.36295066	-111.7790035
country	WNV_38_Cq_AZ_06.12.14_2014.446575	33.44403032	-111.7075408
country	WNV_B9_Cq_AZ_09.22.17_2017.726027	33.44403	-111.708
country	WNV_MERGED_Cq_AZ_04.26.17_2017.317808	33.44403032	-111.7075408
country	WNV_7B16_A4_Ct_AZ_06.04.19_2019.427776	33.44007868	-111.8889179
country	WNV_Q227_B5_Cq_AZ_04.11.19_2019.279929	33.44007868	-111.8889179
country	WNV_Q227_B5_Ct_AZ_04.12.19_2019.282667	33.44007868	-111.8889179
country	WNV_X711_G9_Ct_AZ_05.17.19_2019.378494	33.44007868	-111.8889179
country	WNV_MERGED_Ct_AZ_06.20.17_2017.468494	33.43530246	-111.8856254
country	WNV_52_Cq_AZ_0632015_2015.422313	33.39928378	-111.9330481
country	WNV_9A48_G5_Cq_AZ_05.21.19_2019.389445	33.3826388	-111.9514139
country	WNV_69_Cq_AZ_05212015_2015.386721	33.3686205	-111.8485825
country	WNV_51_Cq_AZ_08.28.14_2014.657534	33.3560676	-111.8865802
country	WNV_9A67_F4_Cq_AZ_05.17.19_2019.378494	33.3560676	-111.8865802
country	WNV_7B96_F6_Cq_AZ_06.04.19_2019.427776	33.34739311	-111.9263385
country	WNV_X750_E4_Cq_AZ_05.17.19_2019.378494	33.34739311	-111.9263385
country	WNV_9A52_B1_Cq_AZ_05.17.19_2019.378494	33.37149058	-111.9032366
country	WNV_MERGED_Cq_AZ_06.14.17_2017.452055	33.43308689	-111.6920933
country	WNV_A10_Ct_AZ_10.13.17_2017.783562	33.4311	-111.709
country	WNV_7_Cq_AZ_07252015_2015.564682	33.39925558	-112.0327771
country	WNV_MERGED_Cq_AZ_05.31.17_2017.413699	33.39823354	-112.0385717
country	WNV_MERGED_Cq_AZ_06.21.17_2017.471235	33.37311499	-111.779965
country	WNV_X780_F7_Cq_AZ_05.14.19_2019.37028	33.36144176	-111.758566
country	WNV_E10_Cq_AZ_09.13.17_2017.70137	33.36144	-111.759
country	WNV_78_Cq_AZ_07.23.14_2014.558904	33.60390879	-112.0043281
country	WNV_54_Cq_AZ_09092015_2015.690623	33.39927066	-111.7802888
country	WNV_A8_Ct_AZ_09.15.17_2017.706849	33.39917	-111.779
country	WNV_C8_Ct_AZ_10.05.17_2017.761644	33.37428	-111.709
country	WNV_17_Cq_AZ_10.27.16_2014.558904	33.43247592	-111.7955342
country	WNV_B5_Ct_AZ_06.15.17_2017.454795	33.6328343	-112.0755866
country	WNV_MERGED_Cq_AZ_06.13.17_2017.449315	33.38969864	-111.7311487
country	WNV_11_Cq_AZ_07.09.14_2014.520548	33.43247592	-111.7955342
country	WNV_9E29_A11_Cq_AZ_08072019_2019.600274	33.43247592	-111.7955342
country	WNV_6A02_F9_Cq_AZ_06.04.19_2019.427776	33.54689038	-112.1093666
country	WNV_53_Cq_AZ_05202015_2015.383984	33.50230469	-112.0933563
country	WNV_MERGED_Cq_AZ_06.23.17_2017.476712	33.50195869	-112.0176845
country	WNV_8B20_F10_Cq_AZ_08072019_2019.600274	33.58404884	-112.0584907
country	WNV_53_Cq_AZ_05292015_2015.408624	33.45819664	-111.9007821
country	WNV_64_Cq_AZ_07172015_2015.542779	33.27320217	-111.8261906
country	WNV_66_Cq_AZ_05012015_2015.331964	33.27320217	-111.8261906
country	WNV_86_Cq_AZ_07.24.14_2014.561644	33.26646604	-111.8685566
country	WNV_Q749_A1_Cq_AZ_06.04.19_2019.427776	33.42616658	-111.8826866
country	WNV_MERGED_Cq_AZ_05.04.17_2017.339726	33.65950434	-112.0918557
country	WNV_F9_Cq_AZ_09.15.17_2017.706849	33.33948	-111.592
country	WNV_A9_Cq_AZ_09.20.17_2017.720548	33.24069	-111.645
country	WNV_62_Cq_AZ_08182015_2015.63039	33.2552	-111.8494074
country	WNV_17_Cq_AZ_06182015_2015.463381	33.39528644	-112.533832
country	WNV_25_Cq_AZ_08182015_2015.63039	33.47476326	-112.3682041
country	WNV_B10_Cq_AZ_09.13.17_2017.70137	33.48762	-111.953
country	WNV_44_Cq_AZ_06112015_2015.444216	33.41555447	-111.81265
country	WNV_H9_Ct_AZ_09.07.17_2017.684932	33.48598	-111.965
country	WNV_Cq_AZ_06172015_2015.460643	33.48898097	-111.9341985
country	WNV_X845_B12_Cq_AZ_05.15.19_2019.373018	33.34280221	-111.8530086
country	WNV_24_Ct_AZ_06172015_2015.460643	33.71872854	-112.209991
country	WNV_26_Cq_AZ_06172015_2015.460643	33.6207338	-111.9680985
country	WNV_MERGED_Cq_AZ_06.21.17_2017.471236	33.61679195	-111.9692002
country	WNV_68_Cq_AZ_04242015_2015.312799	33.32049059	-112.4779753
country	WNV_0_Ct_AZ_10.04.16_2016.759563	33.63279401	-112.1082271
country	WNV_MERGED_Cq_AZ_05.31.17_2017.4136990	33.63279401	-112.1082271
country	WNV_Q615_B3_Cq_AZ_04.16.19_2019.293618	33.29194738	-111.9478765
country	WNV_X836_D4_Cq_AZ_05.21.19_2019.389445	33.29194738	-111.9478765
country	WNV_X689_B7_Ct_AZ_05.14.19_2019.37028	33.60135523	-112.3372939
country	WNV_15_Ct_AZ_07.08.14_2014.517808	33.67658849	-112.0572749
country	WNV_155B2_Cq_AZ_06.22.18_2018.473973	33.34234722	-112.4750893
country	WNV_AMERGED_Cq_AZ_05.05.17_2017.342466	33.38442354	-111.797573
country	WNV_BMERGED_Cq_AZ_06.22.17_2017.473973	33.38442354	-111.797573
country	WNV_MERGED_Cq_AZ_06.09.17_2017.438356	33.38109349	-111.7976769
country	WNV_X484_C11_Cq_AZ_05.03.19_2019.340163	33.383521	-112.1051694
country	WNV_D8_Cq_AZ_10.04.17_2017.758904	33.38141	-112.108
country	WNV_85_Cq_AZ_09292015_2015.74538	33.32928226	-111.8152213
country	WNV_5A90_E11_Cq_AZ_06.04.19_2019.427776	33.41851665	-111.8610927
country	WNV_Z711_B6_Ct_AZ_05.09.19_2019.35659	33.3823932	-111.8812796
country	WNV_8_Cq_AZ_09.02.16_2016.685792	33.23828405	-111.8452346
country	WNV_H7_Cq_AZ_09.26.17_2017.736986	33.23828	-111.845
country	WNV_Q832_C9_Cq_AZ_06.04.19_2019.427776	33.57666149	-112.0878373
country	WNV_25_Cq_AZ_09292015_2015.74538	33.33282209	-111.7086707
country	WNV_074H1_Cq_AZ_06.22.18_2018.473973	33.33282209	-111.7086707
country	WNV_X844_B1_Cq_AZ_05.14.19_2019.37028	33.38820566	-111.9077081
country	WNV_R549_F11_Ct_AZ_04.12.19_2019.282667	33.50323646	-112.2288109
country	WNV_0_Cq_AZ_09.29.16_2016.745902	33.47487482	-112.0190981
country	WNV_Z014_D4_Cq_AZ_05.16.19_2019.375756	33.55657967	-112.1817447
country	WNV_69_Cq_AZ_09.12.14_2014.69863	33.54699571	-112.1771387
country	WNV_E10_Ct_AZ_10.20.17_2017.80274	33.44452	-112.401
country	WNV_E8_Ct_AZ_09.01.17_2017.668493	33.44555	-112.418
country	WNV_X889_E11_Ct_AZ_05.09.19_2019.35659	33.36908186	-112.5801094
country	WNV_B8_Ct_AZ_10.25.17_2017.816438	33.63854	-111.935
country	WNV_1_Cq_AZ_06232015_2015.47707	33.419457	-111.674244
country	WNV_8_Cq_AZ_08042015_2015.59206	33.427888	-111.658839
country	WNV_8B72_H10_Cq_AZ_08072019_2019.600274	33.44393	-111.74205
country	WNV_G1_Cq_AZ_05.17.17_2017.375342	33.36168236	-111.7315505
country	WNV_0A13_A3_Cq_AZ_05.03.19_2019.340163	33.55922906	-112.2804436
country	WNV_X673_G5_Ct_AZ_05.09.19_2019.35659	33.55776333	-112.3019965
country	WNV_C10090617_Ct_AZ_09.06.17_2017.682192	33.39433	-112.305
country	WNV_X700_B1_Cq_AZ_05.09.19_2019.35659	33.5190429	-112.329417
country	WNV_17_Cq_AZ_08112015_2015.611225	33.386688	-111.81393
country	WNV_53_Cq_AZ_07.30.14_2014.578082	33.3866884	-111.8139305
country	WNV_9A10_E1_Ct_AZ_05.17.19_2019.378494	33.4719421	-112.2105522
country	WNVSLE_16a_27_Ce_Az_07.31.17_2017.580822	32.6542	-114.7311
country	WNVSLE_1b_1b_Ct_Az_08.14.17_2017.619178	32.72699	-114.60263
country	WNVSLE_RT_49353561_A9_Ct_07.25.18_2018.564384	33.35662402	-111.8153704
country	WNVSLE_RT_49353562_E12_Ct_07.25.18_2018.564384	33.35662402	-111.8153704
country	WNVSLE_652_G3_Ct_07.10.18_2018.523288	33.32769566	-111.698154
country	WNVSLE_6D56_F2_Cq_AZ_07182019_2019.545517	33.3405428	-111.8833194
country	WNVSLE_6D31_G6_Ct_AZ_07182019_2019.545517	33.44079675	-111.8730362
country	WNVSLE_6D05_C1_Cq_AZ_07122019_2019.52909	33.2686518	-111.7095915
country	WNVSLE_3D00_B11_Ct_AZ_07032019_2019.504449	33.44007868	-111.8889179
country	WNVSLE_5D98_B5_Ct_AZ_07252019_2019.564682	33.37427776	-111.7093831
country	WNVSLE_0E12_C10_Ct_AZ_07112019_2019.526352	33.64344211	-112.195907
country	WNVSLE_3D31_A10_Cq_AZ_07032019_2019.504449	33.44510568	-111.7608958
country	WNVSLE_0E97_H2_Ct_AZ_07032019_2019.504449	33.42998424	-112.3987022
country	WNVSLE_62_E3_Ct_06.21.18_2018.471233	33.36168236	-111.7315505
country	WNVSLE_06_B1_Ct_Az_06.21.18_2018.471233	33.36168236	-111.7315505
country	WNV_3G06_Cq_AZ_20200731	33.23743799	-111.613267
country	WNV_1M62_Ct_AZ_20200722	33.43410668	-111.7448436
country	WNV_11Q7_Cq_AZ_20200814	33.36168236	-111.7315505
country	WNV_4T47_Ct_AZ_20200724	33.57351421	-111.6725752
country	WNV_4T54ccCt_AZ_20200724	33.57351421	-111.6725752
country	WNV_5T27_Ct_AZ_20200731	33.57351421	-111.6725752
country	WNV_41K7_Cq_AZ_20210617	33.54669209	-112.1585906
country	WNV_4C86_Cq_AZ_20210603	33.38411295	-112.1932207
country	WNV_83J9_Ct_AZ_20210615	33.35351622	-111.8010158
country	WNV_83K5_Cq_AZ_20210603	33.36059123	-112.1602898
country	WNV_85J4_Ct_AZ_20210610	33.44007868	-111.8889179
country	WNV_87J3_Cq_AZ_20210603	33.39359259	-112.2543586
country	WNV_8C67_Cq_AZ_20210615	33.57379588	-112.1758306
country	WNV_8C88_Cq_AZ_20210615	33.55657967	-112.1817447
country	WNV_97K7_Ct_AZ_20210617	33.5594864	-112.1271429
country	WNV_9C24_Cq_AZ_20210604	33.35351622	-111.8010158
country	WNV_9C34_Cq_AZ_20210604	33.57462355	-112.1897069
country	WNV_9C37_Cq_AZ_20210604	33.32757973	-111.778521
country	WNV_9C39_Cq_AZ_20210604	33.35351622	-111.8010158
country	WNV_9C44_Cq_AZ_20210604	33.35351622	-111.8010158
country	WNV_K989_Cq_AZ_20210525	33.58470346	-112.1614309
country	WNV_L381_Cq_AZ_20210604	33.3132817	-111.8678697
country	WNV_10I3_Cq_AZ_20210715	33.25796291	-111.6282744
country	WNV_211395_Cq_AZ_20210811	33.53083343	-112.2000448
country	WNV_211406_Cq_AZ_20210811	33.26954703	-111.7805121
country	WNV_211425_Cq_AZ_20210811	33.31509287	-111.7353386
country	WNV_211481_Cq_AZ_20210811	33.383521	-112.1051694
country	WNV_211749_Ct_AZ_20210805	33.45858589	-111.8248261
country	WNV_212611_Cq_AZ_20210805	33.68150667	-112.617108
country	WNV_212989_Cq_AZ_20210805	33.25321634	-111.8139533
country	WNV_212990_Cq_AZ_20210805	33.35727714	-111.919677
country	WNV_212991_Cq_AZ_20210805	33.28739636	-111.813207
country	WNV_213002_Cq_AZ_20210805	33.75092126	-112.327372
country	WNV_213036_Cq_AZ_20210805	33.38818566	-111.7109049
country	WNV_213130_Cq_AZ_20210811	33.2295543	-111.6269373
country	WNV_213138_Cq_AZ_20210811	33.44000397	-111.8874431
country	WNV_213146_Cq_AZ_20210811	33.44007868	-111.8889179
country	WNV_213759_Cq_AZ_20210824	33.32840815	-111.9041067
country	WNV_213797_Cq_AZ_20210824	33.34139682	-111.867649
country	WNV_214105_Cq_AZ_20210901	33.35993407	-111.8342858
country	WNV_214137_Ct_AZ_20210901	33.35662402	-111.8153704
country	WNV_214170_Ct_AZ_20210901	33.35715969	-111.6603812
country	WNV_214345_Cq_AZ_20210901	33.34224997	-111.8329008
country	WNV_214380_Cq_AZ_20210903	33.67636952	-112.1290869
country	WNV_214781_Cq_AZ_20210903	33.41129439	-111.6368615
country	WNV_214962_Cq_AZ_20210903	33.21256231	-111.7979501
country	WNV_215247_Cq_AZ_20210824	33.35662402	-111.8153704
country	WNV_215273_Cq_AZ_20210824	33.39950562	-111.8970465
country	WNV_215282_Cq_AZ_20210824	33.63570948	-112.1922773
country	WNV_215293Cq_AZ_20210824	33.35585265	-111.8654775
country	WNV_215307_Cq_AZ_20210824	33.32718077	-111.8330799
country	WNV_215317_Cq_AZ_20210824	33.78904005	-112.1092116
country	WNV_215327_Cq_AZ_20210824	33.32883783	-111.8844438
country	WNV_215336_Cq_AZ_20210824	33.42621444	-111.9462171
country	WNV_215375_Cq_AZ_20210824	33.34113535	-111.784298
country	WNV_215388Cq_AZ_20210824	33.62818053	-112.2288076
country	WNV_215439Cq_AZ_20210824	33.23925198	-111.8705399
country	WNV_215900_Cq_AZ_20210824	33.72002018	-112.1788433
country	WNV_215970_Cq_AZ_20210901	33.6328343	-112.0755866
country	WNV_216091_Ct_AZ_20210910	33.35606715	-111.6770405
country	WNV_216115_Cq_AZ_20210910	33.35606715	-111.6770405
country	WNV_216186_Cq_AZ_20210910	33.45921931	-111.7487139
country	WNV_216204_Ct_AZ_20210910	33.38933097	-111.6263293
country	WNV_216216_Ct_AZ_20210910	33.5609757	-112.0759234
country	WNV_216419_Ct_AZ_20210908	33.645565	-111.950658
country	WNV_216422_Cq_AZ_20210908	33.61948182	-112.0392898
country	WNV_216460_Ct_AZ_20210908	33.61624479	-112.0576039
country	WNV_216503_Cq_AZ_20210908	33.60390349	-112.0741122
country	WNV_216581_Cq_AZ_20210910	33.29836004	-111.7775714
country	WNV_216616_Cq_AZ_20210914	33.35682395	-111.6307448
country	WNV_216728_Cq_AZ_20210908	33.37149058	-111.9032366
country	WNV_218100_Ct_AZ_20210914	33.22613484	-111.8124216
country	WNV_218276_Cq_AZ_20210910	33.29650978	-111.7691474
country	WNV_218280_Ct_AZ_20210914	33.53074954	-112.4524978
country	WNV_21923_Cq_AZ_20210805	33.24147946	-111.7456452
country	WNV_219998_Cq_AZ_20210910	33.32718077	-111.8330799
country	WNV_21I2_Cq_AZ_20210713	33.39102111	-112.2717216
country	WNV_30I2_Cq_AZ_20210713	33.32928226	-111.8152213
country	WNV_30K6_Cq_AZ_20210720	33.55112963	-112.4147315
country	WNV_73H3_Cq_AZ_20210713	33.53142762	-112.2430064
country	WNV_95H2_Cq_AZ_20210715	33.5900423	-111.9869397
country	WNV_9C52_Ct_AZ_20210715	33.58479882	-111.9691743
